Spectrum Number,Pressure,Pressure_err,Pressure_vary,Segment Number,Temperature,Temperature_err,Temperature_vary,baseline_a,baseline_a_err,baseline_a_vary,molefraction_O2,molefraction_O2_err,molefraction_O2_vary,x_shift,x_shift_err,x_shift_vary
1.0,0.026315789473684216,0,False,0.0,298.15,0,False,5.390610888450474e-06,6.112078515214404e-06,True,0.002022,0,False,0.0,0,False
2.0,0.05263157894736843,0,False,0.0,298.15,0,False,1.7648455356424724e-05,6.139568826139454e-06,True,0.002022,0,False,0.0,0,False
3.0,0.07894736842105263,0,False,0.0,298.15,0,False,3.758819465433271e-05,6.218741997222161e-06,True,0.002022,0,False,0.0,0,False
4.0,0.10526315789473686,0,False,0.0,298.15,0,False,5.8886130975225665e-05,6.397033304977393e-06,True,0.002022,0,False,0.0,0,False
