Spectrum Number,Pressure,Pressure_err,Pressure_vary,Segment Number,Temperature,Temperature_err,Temperature_vary,baseline_a,baseline_a_err,baseline_a_vary,molefraction_O2,molefraction_O2_err,molefraction_O2_vary,x_shift,x_shift_err,x_shift_vary
1.0,0.026315789473684216,0,False,0.0,298.15,0,False,3.8102530938090983e-06,7.583863375713803e-06,True,0.002022,0,False,0.0,0,False
2.0,0.05263157894736843,0,False,0.0,298.15,0,False,1.3213005053045585e-05,7.617986766267473e-06,True,0.002022,0,False,0.0,0,False
3.0,0.07894736842105263,0,False,0.0,298.15,0,False,3.290635562054794e-05,7.716099667664093e-06,True,0.002022,0,False,0.0,0,False
4.0,0.10526315789473686,0,False,0.0,298.15,0,False,5.657334429354899e-05,7.93735113674945e-06,True,0.002022,0,False,0.0,0,False
