Spectrum Number,Baseline Order,Pressure,Segment Number,Temperature,baseline_a,molefraction_O2,x_shift
1.0,0.0,0.026315789473684216,0.0,298.15,-7.760658940636227e-06,0.002022,0.0
2.0,0.0,0.05263157894736843,0.0,298.15,4.747537941827533e-05,0.002022,0.0
3.0,0.0,0.07894736842105263,0.0,298.15,-0.00010660781913851351,0.002022,0.0
4.0,0.0,0.10526315789473686,0.0,298.15,0.00013146071970991148,0.002022,0.0
