Spectrum Number,Baseline Order,Pressure,Segment Number,Temperature,baseline_a,molefraction_O2,x_shift
1.0,0.0,0.026315789473684216,0.0,298.15,1.3182769117549596e-05,0.002022,0.0
2.0,0.0,0.05263157894736843,0.0,298.15,6.455648669187257e-06,0.002022,0.0
3.0,0.0,0.07894736842105263,0.0,298.15,-6.185808479733211e-05,0.002022,0.0
4.0,0.0,0.10526315789473686,0.0,298.15,7.07840124600867e-05,0.002022,0.0
