Spectrum Number,Baseline Order,Pressure,Segment Number,Temperature,baseline_a,molefraction_O2,x_shift
1.0,0.0,0.026315789473684216,0.0,298.15,6.531272750584261e-06,0.002022,0.0
2.0,0.0,0.05263157894736843,0.0,298.15,-8.947409004228634e-06,0.002022,0.0
3.0,0.0,0.07894736842105263,0.0,298.15,-7.20074097308573e-05,0.002022,0.0
4.0,0.0,0.10526315789473686,0.0,298.15,8.032968363780459e-05,0.002022,0.0
