Spectrum Number,Segment Number,Baseline Order,Pressure,Temperature,x_shift,molefraction_O2,baseline_a
1,1,0,0.013157894736842101,296.0,0.0,0.002022,0.0
2,1,0,0.131578947368421,296.0,0.0,0.002022,0.0
3,1,0,0.6578947368421053,296.0,0.0,0.002022,0.0
