Spectrum Number,Segment Number,Baseline Order,Pressure,Temperature,x_shift,molefraction_O2,baseline_a
1,0,0,0.013157894736842105,298.1500000000001,0.0,0.002022,0.0
2,0,0,0.13157894736842105,298.1500000000001,0.0,0.002022,0.0
3,0,0,0.6578947368421053,298.1500000000001,0.0,0.002022,0.0
