Spectrum Number,Segment Number,Baseline Order,Pressure,Temperature,x_shift,molefraction_CO2,baseline_a,SLIT_RECTANGULAR_res_0,SLIT_TRIANGULAR_res_0,SLIT_GAUSSIAN_res_0,SLIT_DISPERSION_res_0,SLIT_COSINUS_res_0,SLIT_DIFFRACTION_res_0,SLIT_MICHELSON_res_0
1,1,0,0.20000000000000004,296.0,0.0,0.01,0.0,0.25,0.0,0.0,0.0,0.0,0.0,0.0
2,1,0,0.20000000000000004,296.0,0.0,0.01,0.0,0.0,0.25,0.0,0.0,0.0,0.0,0.0
3,1,0,0.20000000000000004,296.0,0.0,0.01,0.0,0.0,0.0,0.25,0.0,0.0,0.0,0.0
4,1,0,0.20000000000000004,296.0,0.0,0.01,0.0,0.0,0.0,0.0,0.25,0.0,0.0,0.0
5,1,0,0.20000000000000004,296.0,0.0,0.01,0.0,0.0,0.0,0.0,0.0,0.25,0.0,0.0
6,1,0,0.20000000000000004,296.0,0.0,0.01,0.0,0.0,0.0,0.0,0.0,0.0,0.25,0.0
7,1,0,0.20000000000000004,296.0,0.0,0.01,0.0,0.0,0.0,0.0,0.0,0.0,0.0,0.25
