Spectrum Number,Pressure,Pressure_err,Pressure_vary,Segment Number,Temperature,Temperature_err,Temperature_vary,baseline_a,baseline_a_err,baseline_a_vary,baseline_b,baseline_b_err,baseline_b_vary,etalon_1_amp,etalon_1_amp_err,etalon_1_amp_vary,etalon_1_freq,etalon_1_freq_err,etalon_1_freq_vary,etalon_1_phase,etalon_1_phase_err,etalon_1_phase_vary,molefraction_O2,molefraction_O2_err,molefraction_O2_vary,x_shift,x_shift_err,x_shift_vary
1.0,0.07911117863197344,0,False,1.0,297.9037456816823,0,False,2.957489094714594,0.00011220105953236338,True,0.0023109980110753614,0.00012397626943982438,True,0.0019038768244386845,7.950543333690788e-05,True,1.19574,0,False,-0.3194451624941493,0.042360844336252354,True,0.01949,0,False,0.0,0,False
2.0,0.06555786634500006,0,False,1.0,297.90824458315126,0,False,2.9590412797932144,0.00010784841692143675,True,0.0023939455152457265,0.00011863980793261561,True,0.00206342912308132,7.759258504690811e-05,True,1.19574,0,False,-0.06681599294400516,0.03624620252280006,True,0.01949,0,False,0.0,0,False
3.0,0.046017320729342094,0,False,1.0,297.87630335002524,0,False,2.9532690247032516,0.000103581966293501,True,0.0019675871279149692,0.00011599019229657217,True,0.0015316373446448593,6.994098766677001e-05,True,1.19574,0,False,-1.0437600565600875,0.05050796909843476,True,0.01949,0,False,0.0,0,False
4.0,0.024884481974342218,0,False,1.0,297.86490989402563,0,False,2.9502548959485275,0.00010550411999066629,True,0.0018467518111286835,0.00012763625921973876,True,0.0016556044915097456,7.55648678546785e-05,True,1.19574,0,False,-1.269716931377621,0.04620381317951132,True,0.01949,0,False,0.0,0,False
