Spectrum Number,Pressure,Pressure_err,Pressure_vary,Segment Number,Temperature,Temperature_err,Temperature_vary,baseline_a,baseline_a_err,baseline_a_vary,baseline_b,baseline_b_err,baseline_b_vary,etalon_1_amp,etalon_1_amp_err,etalon_1_amp_vary,etalon_1_freq,etalon_1_freq_err,etalon_1_freq_vary,etalon_1_phase,etalon_1_phase_err,etalon_1_phase_vary,molefraction_O2,molefraction_O2_err,molefraction_O2_vary,x_shift,x_shift_err,x_shift_vary
1.0,0.07911117863197344,0,False,1.0,297.9037456816823,0,False,2.9578570267159465,0.00011470803467712963,True,0.0020311844409516503,0.00012460311672342103,True,0.0016502386907370488,4.280133009114615e-05,True,1.271443,0,False,-0.7341562137936585,0.05247360475365341,True,0.01949,0,False,0.0,0,False
2.0,0.06555786634500006,0,False,1.0,297.90824458315126,0,False,2.9594768747651985,0.00011051240782819576,True,0.0019849913306091284,0.00011940645889312641,True,0.0016502386907370488,0.0,True,1.271443,0,False,-0.4802523781338956,0.048485282491998995,True,0.01949,0,False,0.0,0,False
3.0,0.046017320729342094,0,False,1.0,297.87630335002524,0,False,2.9533999366824006,0.00011238320095375446,True,0.0019639654429332173,0.0001256421742351163,True,0.0016502386907370488,0.0,True,1.271443,0,False,-1.417825063583848,0.05245361937596068,True,0.01949,0,False,0.0,0,False
4.0,0.024884481974342218,0,False,1.0,297.86490989402563,0,False,2.9504034219167568,0.00011651737656539232,True,0.0017764925964065708,0.0001408500181203319,True,0.0016502386907370488,0.0,True,1.271443,0,False,-1.647159893392957,0.05184501430633633,True,0.01949,0,False,0.0,0,False
