Spectrum Number,Pressure,Segment Number,Temperature,baseline_a,baseline_b,etalon_1_amp,etalon_1_period,etalon_1_phase,molefraction_O2,x_shift,Pressure_err,Pressure_vary,Temperature_err,Temperature_vary,baseline_a_err,baseline_a_vary,baseline_b_err,baseline_b_vary,etalon_1_amp_err,etalon_1_amp_vary,etalon_1_period_err,etalon_1_period_vary,etalon_1_phase_err,etalon_1_phase_vary,molefraction_O2_err,molefraction_O2_vary,x_shift_err,x_shift_vary
1.0,0.07911117863197344,1.0,297.9037456816823,2.957857009611153,0.002031223378183782,0.001650253671460212,1.271443,-0.7341377670547379,0.01949,0.0,0,False,0,False,0.00011470718192862106,True,0.00012460245034112298,True,4.280272267545932e-05,True,0,False,0.052471079880874176,True,0,False,0,False
2.0,0.06555786634500006,1.0,297.90824458315126,2.9594768567528065,0.001985024648029209,0.001650253671460212,1.271443,-0.4802408390271572,0.01949,0.0,0,False,0,False,0.00011051280120799362,True,0.0001194071951481566,True,0.0,True,0,False,0.04848428627118027,True,0,False,0,False
3.0,0.046017320729342094,1.0,297.87630335002524,2.9533999098918198,0.0019640050952732776,0.001650253671460212,1.271443,-1.4178026872813487,0.01949,0.0,0,False,0,False,0.00011238298021292966,True,0.0001256411984195994,True,0.0,True,0,False,0.05245143076124631,True,0,False,0,False
4.0,0.024884481974342218,1.0,297.86490989402563,2.9504034186175887,0.0017764991967642594,0.001650253671460212,1.271443,-1.6471543871028775,0.01949,0.0,0,False,0,False,0.00011651738527148248,True,0.00014085098385002237,True,0.0,True,0,False,0.05184589193194707,True,0,False,0,False
