Spectrum Number,Pressure,Segment Number,Temperature,baseline_a,baseline_b,etalon_1_amp,etalon_1_freq,etalon_1_phase,molefraction_O2,x_shift,Pressure_err,Pressure_vary,Temperature_err,Temperature_vary,baseline_a_err,baseline_a_vary,baseline_b_err,baseline_b_vary,etalon_1_amp_err,etalon_1_amp_vary,etalon_1_freq_err,etalon_1_freq_vary,etalon_1_phase_err,etalon_1_phase_vary,molefraction_O2_err,molefraction_O2_vary,x_shift_err,x_shift_vary
1.0,0.07911117863197344,1.0,297.9037456816823,2.957857001895077,0.002031240431835528,0.0016502556343719102,1.271443,-0.7341244207212405,0.01949,0.0,0,False,0,False,0.000114707344201102,True,0.00012460052141255402,True,4.280293424115366e-05,True,0,False,0.052468831042878236,True,0,False,0,False
2.0,0.06555786634500006,1.0,297.90824458315126,2.9594768715535125,0.001985011320414132,0.0016502556343719102,1.271443,-0.4802746825978514,0.01949,0.0,0,False,0,False,0.0001105123944545821,True,0.00011940668373163217,True,0.0,True,0,False,0.04848372664100277,True,0,False,0,False
3.0,0.046017320729342094,1.0,297.87630335002524,2.9533999165722564,0.0019640002562043924,0.0016502556343719102,1.271443,-1.417812514225828,0.01949,0.0,0,False,0,False,0.00011238440815543339,True,0.00012564748289117678,True,0.0,True,0,False,0.05245637283979684,True,0,False,0,False
4.0,0.024884481974342218,1.0,297.86490989402563,2.950403414283671,0.0017765059907274,0.0016502556343719102,1.271443,-1.6471521050936833,0.01949,0.0,0,False,0,False,0.00011651782820005573,True,0.0001408520727258262,True,0.0,True,0,False,0.0518469551835509,True,0,False,0,False
