Spectrum Number,Pressure,Segment Number,Temperature,baseline_a,baseline_b,etalon_1_amp,etalon_1_period,etalon_1_phase,molefraction_O2,x_shift,Pressure_err,Pressure_vary,Temperature_err,Temperature_vary,baseline_a_err,baseline_a_vary,baseline_b_err,baseline_b_vary,etalon_1_amp_err,etalon_1_amp_vary,etalon_1_period_err,etalon_1_period_vary,etalon_1_phase_err,etalon_1_phase_vary,molefraction_O2_err,molefraction_O2_vary,x_shift_err,x_shift_vary
1.0,0.07911117863197344,1.0,297.9037456816823,2.9579488042682462,0.0019829989443471414,0.0016344660401083106,1.271443,-0.7643759816930157,0.01949,0.0,0,False,0,False,,True,,True,,True,0,False,,True,0,False,0,False
2.0,0.06555786634500006,1.0,297.90824458315126,2.9596001967043475,0.001898548908254735,0.0016344660401083106,1.271443,-0.5136324006907926,0.01949,0.0,0,False,0,False,,True,,True,0.0,True,0,False,,True,0,False,0,False
3.0,0.046017320729342094,1.0,297.87630335002524,2.9534151833455855,0.0019504367659439166,0.0016344660401083106,1.271443,-1.4136562326481485,0.01949,0.0,0,False,0,False,,True,,True,0.0,True,0,False,,True,0,False,0,False
4.0,0.024884481974342218,1.0,297.86490989402563,2.9492596850320685,0.0,0.0016344660401083106,1.271443,0.0,0.01949,0.0,0,False,0,False,,True,,True,0.0,True,0,False,,True,0,False,0,False
