Spectrum Number,Pressure,Segment Number,Temperature,baseline_a,baseline_b,etalon_1_amp,etalon_1_period,etalon_1_phase,molefraction_O2,x_shift,Pressure_err,Pressure_vary,Temperature_err,Temperature_vary,baseline_a_err,baseline_a_vary,baseline_b_err,baseline_b_vary,etalon_1_amp_err,etalon_1_amp_vary,etalon_1_period_err,etalon_1_period_vary,etalon_1_phase_err,etalon_1_phase_vary,molefraction_O2_err,molefraction_O2_vary,x_shift_err,x_shift_vary
1.0,0.07911117863197344,1.0,297.9037456816823,2.9578569562662516,0.0020313660417754136,0.0016502530625662347,1.271443,-0.7340953766076151,0.01949,0.0,0,False,0,False,0.00011470806456680149,True,0.0001246020950805423,True,4.280350838811073e-05,True,0,False,0.05246986581733439,True,0,False,0,False
2.0,0.06555786634500006,1.0,297.90824458315126,2.959476846379321,0.0019850942976436517,0.0016502530625662347,1.271443,-0.4802654850396598,0.01949,0.0,0,False,0,False,0.00011051093645734334,True,0.00011940469855677792,True,0.0,True,0,False,0.04848104692707817,True,0,False,0,False
3.0,0.046017320729342094,1.0,297.87630335002524,2.953399879655319,0.0019640789560808804,0.0016502530625662347,1.271443,-1.4177932588114983,0.01949,0.0,0,False,0,False,0.00011238423021810996,True,0.00012564308160833645,True,0.0,True,0,False,0.05245249268949629,True,0,False,0,False
4.0,0.024884481974342218,1.0,297.86490989402563,2.9504034113960897,0.0017765145420185306,0.0016502530625662347,1.271443,-1.6471481971502888,0.01949,0.0,0,False,0,False,0.00011651866338214708,True,0.0001408527882737373,True,0.0,True,0,False,0.051846350964893685,True,0,False,0,False
