Spectrum Number,Pressure,Pressure_err,Pressure_vary,Segment Number,Temperature,Temperature_err,Temperature_vary,baseline_a,baseline_a_err,baseline_a_vary,molefraction_O2,molefraction_O2_err,molefraction_O2_vary,x_shift,x_shift_err,x_shift_vary
1.0,0.026315789473684216,0,False,0.0,298.15,0,False,5.242566246360449e-06,6.221239694348766e-06,True,0.002022,0,False,0.0,0,False
2.0,0.05263157894736843,0,False,0.0,298.15,0,False,1.6806810588610693e-05,6.249290588907851e-06,True,0.002022,0,False,0.0,0,False
3.0,0.07894736842105263,0,False,0.0,298.15,0,False,3.78515913124264e-05,6.329815863841785e-06,True,0.002022,0,False,0.0,0,False
4.0,0.10526315789473686,0,False,0.0,298.15,0,False,5.9187952626655695e-05,6.511181974159768e-06,True,0.002022,0,False,0.0,0,False
