Spectrum Number,Segment Number,Pressure,Pressure_err,Pressure_vary,Temperature,Temperature_err,Temperature_vary,x_shift,x_shift_err,x_shift_vary,molefraction_O2,molefraction_O2_err,molefraction_O2_vary,baseline_a,baseline_a_err,baseline_a_vary,baseline_b,baseline_b_err,baseline_b_vary,etalon_1_amp,etalon_1_amp_err,etalon_1_amp_vary,etalon_1_period,etalon_1_period_err,etalon_1_period_vary,etalon_1_phase,etalon_1_phase_err,etalon_1_phase_vary
1,1,0.0791111786319736,0.0,False,297.9037456816823,0.0,False,0.0006743415320114283,0.00029930517000181783,True,0.01949,0.0,False,2.9578978241750966,6.18894419382905e-05,True,0.0020434924433082717,6.729470438605973e-05,True,0.0016760751318478744,4.3000663118375994e-05,True,1.271443,0.0,False,-0.7421616306614252,0.027267588049044087,True
2,1,0.065557866345,0.0,False,297.90824458315126,0.0,False,-0.0024921883063875067,0.0016630391132489981,True,0.01949,0.0,False,2.9595653915525078,0.0004991290813011766,True,0.001943362363515581,0.0005306765957803462,True,0.0016760751318478744,0.0,True,1.271443,0.0,False,-0.47596363377771334,0.214957615370425,True
3,1,0.0460173207293421,0.0,False,297.8763033500253,0.0,False,-0.0003981214995276713,0.0019331742008350597,True,0.01949,0.0,False,2.9533748406133826,0.0005377050732076852,True,0.001997279847194412,0.0006057359045952524,True,0.0016760751318478744,0.0,True,1.271443,0.0,False,-1.3849428851720758,0.25142902662152855,True
4,1,0.0248844819743421,0.0,False,297.8649098940256,0.0,False,-0.0029603319155356053,0.027218878424523817,True,0.01949,0.0,False,2.950390382593769,0.005362982757991609,True,0.0017981946860538614,0.006461331143649132,True,0.0016760751318478744,0.0,True,1.271443,0.0,False,-1.634780057592919,2.3620968640913937,True
