Spectrum Number,Segment Number,Pressure,Pressure_err,Pressure_vary,Temperature,Temperature_err,Temperature_vary,x_shift,x_shift_err,x_shift_vary,molefraction_O2,molefraction_O2_err,molefraction_O2_vary,baseline_a,baseline_a_err,baseline_a_vary,baseline_b,baseline_b_err,baseline_b_vary,etalon_1_amp,etalon_1_amp_err,etalon_1_amp_vary,etalon_1_period,etalon_1_period_err,etalon_1_period_vary,etalon_1_phase,etalon_1_phase_err,etalon_1_phase_vary
1,1,0.0791111786319736,0.0,False,297.9037456816823,0.0,False,0.0002100436251991827,0.0002488625791633968,True,0.01949,0.0,False,2.9572970720766962,5.130420337876478e-05,True,0.0019444830861390114,5.5665201281475065e-05,True,0.00158361868390134,3.516388679022757e-05,True,1.271443,0.0,False,-0.7626722805044112,0.024061711541805603,True
2,1,0.065557866345,0.0,False,297.90824458315126,0.0,False,-0.0029057609899852143,0.0013790563216079512,True,0.01949,0.0,False,2.9591427816801517,0.0004143741425669694,True,0.0018711694671592553,0.00044086143280816417,True,0.00158361868390134,0.0,True,1.271443,0.0,False,-0.49213793353852947,0.18930962258669268,True
3,1,0.0460173207293421,0.0,False,297.8763033500253,0.0,False,-0.0007804773104462515,0.001603299417287365,True,0.01949,0.0,False,2.953152747841281,0.00044664624841567787,True,0.0019594189204853786,0.0005034290708717561,True,0.00158361868390134,0.0,True,1.271443,0.0,False,-1.4110588619009075,0.22168438156656625,True
4,1,0.0248844819743421,0.0,False,297.8649098940256,0.0,False,-0.002968212324936984,0.022570826333787274,True,0.01949,0.0,False,2.950304648050407,0.00444562404320096,True,0.0018260494211206142,0.005353887979413753,True,0.00158361868390134,0.0,True,1.271443,0.0,False,-1.6445352643592546,2.0733205125379373,True
