Spectrum Number,Segment Number,Pressure,Pressure_err,Pressure_vary,Temperature,Temperature_err,Temperature_vary,x_shift,x_shift_err,x_shift_vary,molefraction_O2,molefraction_O2_err,molefraction_O2_vary,baseline_a,baseline_a_err,baseline_a_vary,baseline_b,baseline_b_err,baseline_b_vary,etalon_1_amp,etalon_1_amp_err,etalon_1_amp_vary,etalon_1_period,etalon_1_period_err,etalon_1_period_vary,etalon_1_phase,etalon_1_phase_err,etalon_1_phase_vary
1,1,0.0791111786319736,0.0,False,297.9037456816823,0.0,False,-0.0006093216056689058,0.00039363896106082367,True,0.01949,0.0,False,2.9577568207185743,9.999082281054513e-05,True,0.001445356549637396,0.00011102174487383653,True,0.0014707376397448237,3.6112505291777816e-05,True,1.271443,0.0,False,-0.847627269443211,0.05100946168966898,True
2,1,0.065557866345,0.0,False,297.90824458315126,0.0,False,-0.00018808774524880443,0.00032208868612979593,True,0.01949,0.0,False,2.9594579360143873,9.223501682746774e-05,True,0.0015312465363522478,0.00010062455095751283,True,0.0014707376397448237,0.0,True,1.271443,0.0,False,-0.5544894037805894,0.04517559509299441,True
3,1,0.0460173207293421,0.0,False,297.8763033500253,0.0,False,0.00039801912361469774,0.0002599105613976873,True,0.01949,0.0,False,2.953389031668734,9.063301198046863e-05,True,0.0017317608734197672,0.00010162883233327312,True,0.0014707376397448237,0.0,True,1.271443,0.0,False,-1.5032310413970895,0.047677162049713416,True
4,1,0.0248844819743421,0.0,False,297.8649098940256,0.0,False,0.0011039931438916464,0.000280124720673215,True,0.01949,0.0,False,2.9503520916903514,9.262450409708539e-05,True,0.001790953386870355,0.00011176688783498604,True,0.0014707376397448237,0.0,True,1.271443,0.0,False,-1.6847591821666583,0.04629757736789954,True
