Spectrum Number,Baseline Order,Pressure,Segment Number,Temperature,baseline_a,baseline_b,etalon_1_amp,etalon_1_period,etalon_1_phase,molefraction_O2,x_shift
1.0,1.0,0.07911117863197344,1.0,297.9037456816823,0.0,0.0,0.001364,1.271443,0.0,0.01949,0.0
2.0,1.0,0.06555786634500006,1.0,297.90824458315126,0.0,0.0,0.001364,1.271443,0.0,0.01949,0.0
3.0,1.0,0.04601732072934212,1.0,297.87630335002524,0.0,0.0,0.001364,1.271443,0.0,0.01949,0.0
4.0,1.0,0.02488448197434222,1.0,297.8649098940256,0.0,0.0,0.001364,1.271443,0.0,0.01949,0.0
