Spectrum Number,Segment Number,Baseline Order,Pressure,Temperature,x_shift,molefraction_O2,baseline_a,baseline_b,etalon_1_amp,etalon_1_period,etalon_1_phase
1,1,1,0.0791111786319737,297.9037456816823,0.0,0.01949,0.0,0.0,0.001364,1.271443,0.0
2,1,1,0.06555786634500001,297.90824458315126,0.0,0.01949,0.0,0.0,0.001364,1.271443,0.0
3,1,1,0.04601732072934209,297.8763033500253,0.0,0.01949,0.0,0.0,0.001364,1.271443,0.0
4,1,1,0.0248844819743421,297.8649098940255,0.0,0.01949,0.0,0.0,0.001364,1.271443,0.0
