CIA Pair,S_SO,S_SO_err,S_SO_vary,S_EXCH,S_EXCH_err,S_EXCH_vary,EXCH_b,EXCH_b_err,EXCH_b_vary,EXCH_c,EXCH_c_err,EXCH_c_vary,SO_b,SO_b_err,SO_b_vary,SO_c,SO_c_err,SO_c_vary,SO_shift,SO_shift_err,SO_shift_vary,EXCH_shift,EXCH_shift_err,EXCH_shift_vary
O2_O2,39.13000000001278,5.5709993805670605e-12,True,304.7448171031306,8.835450181529752e-12,True,0.0028385240774559603,8.070027876798706e-16,True,3.6307626466566177e-06,5.562604583815078e-17,True,0.0001459415438304097,3.947089024825973e-15,True,1.4670403122381541e-06,2.672327689559024e-16,True,0.0,0.0,False,0.0,0.0,False
O2_N2,70.74000000000926,1.3316894379049639e-11,True,0.0,0.0,True,0.0,0.0,True,0.0,0.0,True,0.0001459415438304097,0.0,True,1.4670403122381541e-06,0.0,True,0.0,0.0,False,0.0,0.0,False
