CIA Pair,S_SO,S_SO_err,S_SO_vary,S_EXCH,S_EXCH_err,S_EXCH_vary,EXCH_b,EXCH_b_err,EXCH_b_vary,EXCH_c,EXCH_c_err,EXCH_c_vary,SO_b,SO_b_err,SO_b_vary,SO_c,SO_c_err,SO_c_vary,SO_shift,SO_shift_err,SO_shift_vary,EXCH_shift,EXCH_shift_err,EXCH_shift_vary
O2_O2,40.00000000001277,5.5383525136143774e-12,True,314.9999999999928,8.800465981179512e-12,True,0.0029999999999997993,7.752385206181259e-16,True,3.629999999999417e-06,5.347584004861557e-17,True,0.0002000000000037074,3.822028569520792e-15,True,1.5000000000089492e-06,2.588788495577235e-16,True,0.0,0.0,False,0.0,0.0,False
O2_N2,75.0000000000093,1.3444368935014398e-11,True,0.0,0.0,True,0.0,0.0,True,0.0,0.0,True,0.0002000000000037074,0.0,True,1.5000000000089492e-06,0.0,True,0.0,0.0,False,0.0,0.0,False
