CIA Pair,S_SO,S_SO_err,S_SO_vary,S_EXCH,S_EXCH_err,S_EXCH_vary,EXCH_b,EXCH_b_err,EXCH_b_vary,EXCH_c,EXCH_c_err,EXCH_c_vary,SO_b,SO_b_err,SO_b_vary,SO_c,SO_c_err,SO_c_vary,SO_shift,SO_shift_err,SO_shift_vary,EXCH_shift,EXCH_shift_err,EXCH_shift_vary
O2_O2,39.13000000001278,5.571016743600573e-12,True,304.7448171031306,8.835477715688392e-12,True,0.0028385240774559603,8.070053022724804e-16,True,3.6307626466566033e-06,5.562621918450918e-17,True,0.00014594154383041252,3.9471013209442866e-15,True,1.4670403122382814e-06,2.672336018053911e-16,True,0.0,0.0,False,0.0,0.0,False
O2_N2,70.74000000000926,1.3316935870296858e-11,True,0.0,0.0,True,0.0,0.0,True,0.0,0.0,True,0.00014594154383041252,0.0,True,1.4670403122382814e-06,0.0,True,0.0,0.0,False,0.0,0.0,False
