CIA Pair,S_SO,S_SO_err,S_SO_vary,S_EXCH,S_EXCH_err,S_EXCH_vary,EXCH_b,EXCH_b_err,EXCH_b_vary,EXCH_c,EXCH_c_err,EXCH_c_vary,SO_b,SO_b_err,SO_b_vary,SO_c,SO_c_err,SO_c_vary,SO_shift,SO_shift_err,SO_shift_vary,EXCH_shift,EXCH_shift_err,EXCH_shift_vary
O2_O2,39.13000000001278,5.571010085138136e-12,True,304.7448171031306,8.835467158493545e-12,True,0.0028385240774559607,8.070043394012418e-16,True,3.630762646656618e-06,5.562615251855913e-17,True,0.0001459415438304096,3.947096608339487e-15,True,1.4670403122381514e-06,2.67233282520526e-16,True,0.0,0.0,False,0.0,0.0,False
O2_N2,70.74000000000926,1.3316919967886134e-11,True,0.0,0.0,True,0.0,0.0,True,0.0,0.0,True,0.0001459415438304096,0.0,True,1.4670403122381514e-06,0.0,True,0.0,0.0,False,0.0,0.0,False
