CIA Pair,S_SO,S_SO_err,S_SO_vary,S_EXCH,S_EXCH_err,S_EXCH_vary,EXCH_b,EXCH_b_err,EXCH_b_vary,EXCH_c,EXCH_c_err,EXCH_c_vary,SO_b,SO_b_err,SO_b_vary,SO_c,SO_c_err,SO_c_vary,SO_shift,SO_shift_err,SO_shift_vary,EXCH_shift,EXCH_shift_err,EXCH_shift_vary
O2_O2,39.99999999999302,5.538007887897011e-12,True,314.9999999999822,8.799917312206238e-12,True,0.0029999999999996297,7.75190294316433e-16,True,3.630000000061573e-06,5.347265693965074e-17,True,0.00020000000000057404,3.8217881479000464e-15,True,1.5000000007565282e-06,2.5886271472977055e-16,True,0,0,False,0,0,False
O2_N2,74.99999999998053,1.3443518427424304e-11,True,0.0,0.0,True,0.0,0.0,True,0.0,0.0,True,0.00020000000000057404,0.0,True,1.5000000007565282e-06,0.0,True,0,0,False,0,0,False
