CIA Pair,S_SO,S_SO_err,S_SO_vary,S_EXCH,S_EXCH_err,S_EXCH_vary,EXCH_b,EXCH_b_err,EXCH_b_vary,EXCH_c,EXCH_c_err,EXCH_c_vary,SO_b,SO_b_err,SO_b_vary,SO_c,SO_c_err,SO_c_vary,SO_shift,SO_shift_err,SO_shift_vary,EXCH_shift,EXCH_shift_err,EXCH_shift_vary
O2_O2,3.952053473422972e-05,1.1943860091636057e-08,True,0.000306296457451101,1.891238370567065e-08,True,0.002841090110477142,1.6897019901644755e-06,True,3.6426351838543775e-06,1.1033465930608929e-07,True,0.00013674264138949623,8.308569040323534e-06,True,1.06469157733694e-06,5.287879205382324e-07,True,0.0,0.0,False,0.0,0.0,False
O2_N2,6.932551066144315e-05,2.8226268191249002e-08,True,0.0,0.0,True,0.0,0.0,True,0.0,0.0,True,0.00013674264138949623,0.0,True,1.06469157733694e-06,0.0,True,0.0,0.0,False,0.0,0.0,False
