CIA Pair,S_SO,S_SO_err,S_SO_vary,S_EXCH,S_EXCH_err,S_EXCH_vary,EXCH_b,EXCH_b_err,EXCH_b_vary,EXCH_c,EXCH_c_err,EXCH_c_vary,SO_b,SO_b_err,SO_b_vary,SO_c,SO_c_err,SO_c_vary,SO_shift,SO_shift_err,SO_shift_vary,EXCH_shift,EXCH_shift_err,EXCH_shift_vary
O2_O2,40.00000000001276,5.538347709395269e-12,True,314.9999999999928,8.800458341573874e-12,True,0.0029999999999997975,7.752378489202933e-16,True,3.629999999999419e-06,5.3475793867173856e-17,True,0.00020000000000369532,3.822025254325705e-15,True,1.5000000000095474e-06,2.588786251001199e-16,True,0.0,0.0,False,0.0,0.0,False
O2_N2,75.0000000000093,1.3444357267706742e-11,True,0.0,0.0,True,0.0,0.0,True,0.0,0.0,True,0.00020000000000369532,0.0,True,1.5000000000095474e-06,0.0,True,0.0,0.0,False,0.0,0.0,False
