Spectrum Number,Baseline Order,Pressure,Segment Number,Temperature,baseline_a,molefraction_O2,x_shift
1.0,0.0,0.03289473684210527,0.0,298.15,0.0,0.002022,0.0
2.0,0.0,0.06578947368421052,0.0,298.15,0.0,0.002022,0.0
3.0,0.0,0.13157894736842105,0.0,298.15,0.0,0.002022,0.0
4.0,0.0,0.2631578947368421,0.0,298.15,0.0,0.002022,0.0
