Spectrum Number,Segment Number,Baseline Order,Pressure,Temperature,x_shift,molefraction_O2,baseline_a
1,1,0,0.032898026315789405,296.0100000000001,0.0,0.002022,0.0
2,1,0,0.06579605263157888,296.01,0.0,0.002022,0.0
3,1,0,0.1315921052631579,296.01,0.0,0.002022,0.0
4,1,0,0.26318421052631585,296.0100000000001,0.0,0.002022,0.0
