Spectrum Number,Segment Number,Baseline Order,Pressure,Temperature,x_shift,molefraction_O2,baseline_a
1.0,0.0,0.0,0.03289473684210527,298.1499999999999,0.0,0.002022,0.0
2.0,0.0,0.0,0.06578947368421052,298.15,0.0,0.002022,0.0
3.0,0.0,0.0,0.13157894736842105,298.15,0.0,0.002022,0.0
4.0,0.0,0.0,0.2631578947368421,298.15,0.0,0.002022,0.0
