Spectrum Number,Segment Number,Baseline Order,Pressure,Temperature,x_shift,molefraction_O2,baseline_a
1,0,0,0.03289802631578948,298.1599999999999,0.0,0.002022,0.0
2,0,0,0.06579605263157896,298.15999999999997,0.0,0.002022,0.0
3,0,0,0.13159210526315793,298.15999999999997,0.0,0.002022,0.0
4,0,0,0.26318421052631585,298.1599999999999,0.0,0.002022,0.0
