Spectrum Number,Segment Number,Baseline Order,Pressure,Temperature,x_shift,molefraction_O2,baseline_a
1,0,0,0.2631578947368421,298.15000000000003,0.0,0.002022,0.0
2,0,0,0.5263157894736842,298.15000000000003,0.0,0.002022,0.0
3,0,0,0.7894736842105263,298.15000000000003,0.0,0.002022,0.0
4,0,0,1.0526315789473684,298.15000000000003,0.0,0.002022,0.0
5,0,0,1.3157894736842106,298.15000000000003,0.0,0.002022,0.0
