Spectrum Number,Segment Number,Baseline Order,Pressure,Temperature,x_shift,molefraction_O2,baseline_a
1,0,0,0.6578947368421053,298.15000000000003,0.0,0.002022,0.0
2,0,0,1.3157894736842106,298.15000000000003,0.0,0.002022,0.0
3,0,0,1.644736842105263,298.15000000000003,0.0,0.002022,0.0
4,0,0,3.289473684210526,298.15000000000003,0.0,0.002022,0.0
5,0,0,6.578947368421052,298.15000000000003,0.0,0.002022,0.0
