Spectrum Number,Segment Number,Baseline Order,Pressure,Temperature,x_shift,molefraction_O2,baseline_a
1,1,0,0.65,296.0,0.0,0.002022,0.0
2,1,0,1.3100000000000005,296.0,0.0,0.002022,0.0
3,1,0,1.65,296.0,0.0,0.002022,0.0
4,1,0,3.3,296.0,0.0,0.002022,0.0
5,1,0,6.6,296.0,0.0,0.002022,0.0
