Spectrum Number,Baseline Order,Pressure,Segment Number,Temperature,baseline_a,baseline_b,baseline_c,molefraction_O2,x_shift
1.0,2.0,0.13157894736842105,1.0,298.15,0.0020842128425021264,0.0,0.0,0.209,0.0
2.0,2.0,0.2631578947368421,1.0,298.15,0.016234398986716192,0.0,0.0,0.209,0.0
3.0,2.0,0.5263157894736842,1.0,298.15,-0.0010083867840961457,0.0,0.0,0.209,0.0
4.0,2.0,0.9210526315789472,1.0,298.15,0.04429946733415882,0.0,0.0,0.209,0.0
5.0,2.0,1.3157894736842106,1.0,298.15,0.07043434913623943,0.0,0.0,0.209,0.0
6.0,2.0,2.6315789473684212,1.0,298.15,0.09747983071159698,0.0,0.0,0.209,0.0
7.0,2.0,3.947368421052631,1.0,298.15,0.13315547972847155,0.0,0.0,0.209,0.0
