Spectrum Number,Segment Number,Baseline Order,Pressure,Temperature,x_shift,molefraction_O2,baseline_a,baseline_b,baseline_c
1,1,2,0.13157894736842105,298.1500000000001,0,0.209,0.0,0.0,0.0
2,1,2,0.2631578947368421,298.1500000000001,0,0.209,0.0,0.0,0.0
3,1,2,0.5263157894736842,298.1500000000001,0,0.209,0.0,0.0,0.0
4,1,2,0.9210526315789472,298.1500000000001,0,0.209,0.0,0.0,0.0
5,1,2,1.3157894736842106,298.1500000000001,0,0.209,0.0,0.0,0.0
6,1,2,2.6315789473684212,298.1500000000001,0,0.209,0.0,0.0,0.0
7,1,2,3.9473684210526305,298.1500000000001,0,0.209,0.0,0.0,0.0
