Spectrum Number,Segment Number,Baseline Order,Pressure,Temperature,x_shift,molefraction_O2,baseline_a,baseline_b,baseline_c
1,1,2,0.131578947368421,298.1500000000001,0,0.209,0.0,0.0,0.0
2,1,2,0.2631578947368421,298.1500000000001,0,0.209,0.0,0.0,0.0
3,1,2,0.526315789473684,298.1500000000001,0,0.209,0.0,0.0,0.0
4,1,2,0.9210526315789469,298.1500000000001,0,0.209,0.0,0.0,0.0
5,1,2,1.315789473684211,298.1500000000001,0,0.209,0.0,0.0,0.0
6,1,2,2.631578947368422,298.1500000000001,0,0.209,0.0,0.0,0.0
7,1,2,3.947368421052629,298.1500000000001,0,0.209,0.0,0.0,0.0
