Spectrum Number,Segment Number,Baseline Order,Pressure,Temperature,x_shift,molefraction_O2,baseline_a,baseline_b,baseline_c
1.0,1.0,2.0,0.13157894736842105,298.15,0.0,0.209,0.0,0.0,0.0
2.0,1.0,2.0,0.2631578947368421,298.15,0.0,0.209,0.0,0.0,0.0
3.0,1.0,2.0,0.5263157894736842,298.15,0.0,0.209,0.0,0.0,0.0
4.0,1.0,2.0,0.9210526315789472,298.15,0.0,0.209,0.0,0.0,0.0
5.0,1.0,2.0,1.3157894736842106,298.15,0.0,0.209,0.0,0.0,0.0
6.0,1.0,2.0,2.6315789473684212,298.15,0.0,0.209,0.0,0.0,0.0
7.0,1.0,2.0,3.947368421052631,298.15,0.0,0.209,0.0,0.0,0.0
