,local_lower_quanta,molec_id,local_iso_id,elower,nu,nu_err,nu_vary,sw,sw_err,sw_vary,sw_scale_factor,sw_1,sw_1_err,sw_1_vary,sw_2,sw_2_err,sw_2_vary,sw_3,sw_3_err,sw_3_vary,sw_4,sw_4_err,sw_4_vary,sw_5,sw_5_err,sw_5_vary,sw_6,sw_6_err,sw_6_vary,sw_7,sw_7_err,sw_7_vary,sw_8,sw_8_err,sw_8_vary,sw_9,sw_9_err,sw_9_vary,sw_10,sw_10_err,sw_10_vary,sw_11,sw_11_err,sw_11_vary,gamma0_air,gamma0_air_err,gamma0_air_vary,n_gamma0_air,delta0_air,delta0_air_err,delta0_air_vary,n_delta0_air,nuVC_air,nuVC_air_err,nuVC_air_vary,n_nuVC_air,SD_gamma_air,SD_gamma_air_err,SD_gamma_air_vary,n_gamma2_air,SD_delta_air,SD_delta_air_err,SD_delta_air_vary,n_delta2_air,eta_air,eta_air_err,eta_air_vary,y_air,y_air_err,y_air_vary,n_y_air
0,R16e,2,1,106.1297,6359.967245343007,2.0304970037803343e-06,True,1.7599999999999998,0,False,1.0000000000000001e-23,1.7603865901730145,0.0004366240730398016,True,1.7598820719060948,0.0003523630064814702,True,1.7601087774285535,0.0003220088829673437,True,1.7600594387632496,0.00031306551330598464,True,1.760233777982361,0.0002764341521804434,True,1.7602066921853956,0.0002606691477506593,True,1.7600158115339883,0.00023833396143457694,True,1.759944803581703,0.00023810586219563096,True,1.7603972226460496,0.0031075377015716376,True,1.7596824800333348,0.001635397755384074,True,1.75997906460046,0.0007589655448050883,True,0.07442360522753927,1.9648671995389936e-05,True,0.67,-0.0053935008120487935,1.1709679689371284e-05,True,0,0.0015952429586023136,0.00021925565073499962,True,1,0.09631102794939334,0.0009397211975810335,True,0.67,0.05776725682232572,0.00620467632396236,True,0,0,0,False,0,0,False,1
