,local_lower_quanta,molec_id,local_iso_id,elower,nu,nu_err,nu_vary,sw,sw_err,sw_vary,sw_scale_factor,sw_1,sw_1_err,sw_1_vary,sw_2,sw_2_err,sw_2_vary,sw_3,sw_3_err,sw_3_vary,sw_4,sw_4_err,sw_4_vary,sw_5,sw_5_err,sw_5_vary,sw_6,sw_6_err,sw_6_vary,sw_7,sw_7_err,sw_7_vary,sw_8,sw_8_err,sw_8_vary,sw_9,sw_9_err,sw_9_vary,sw_10,sw_10_err,sw_10_vary,sw_11,sw_11_err,sw_11_vary,gamma0_air,gamma0_air_err,gamma0_air_vary,n_gamma0_air,delta0_air,delta0_air_err,delta0_air_vary,n_delta0_air,nuVC_air,nuVC_air_err,nuVC_air_vary,n_nuVC_air,SD_gamma_air,SD_gamma_air_err,SD_gamma_air_vary,n_gamma2_air,SD_delta_air,SD_delta_air_err,SD_delta_air_vary,n_delta2_air,eta_air,eta_air_err,eta_air_vary,y_air,y_air_err,y_air_vary,n_y_air
0,R16e,2,1,106.1297,6359.967247476757,1.3481228809242053e-06,True,1.7599999999999998,0.0,False,1.0000000000000001e-23,1.7596873582582617,0.0002893504593964467,True,1.760399310425064,0.0002335163972601392,True,1.7602396592641845,0.00021339760363098804,True,1.7599869853816352,0.00020747009438526758,True,1.760053608735116,0.00018321336376427833,True,1.7600849826757383,0.00017277560658804464,True,1.7599280499750145,0.0001579905718061223,True,1.760012485272239,0.0001578320922260285,True,1.759755108036947,0.0020597648147910527,True,1.7602531715630005,0.0010840106254762021,True,1.7596792205680607,0.0005030779611832346,True,0.07437803817456126,1.3030477010636539e-05,True,0.67,-0.005388075254171355,7.726892164792684e-06,True,0,0.001913125383489719,0.00014813927629523993,True,1,0.09383723650336631,0.0006413915442449644,True,0.67,0.05232153544359133,0.004164896418486047,True,0,0,0.0,False,0.0,0.0,False,1
