,local_lower_quanta,molec_id,local_iso_id,elower,nu,nu_err,nu_vary,sw,sw_err,sw_vary,sw_scale_factor,sw_1,sw_1_err,sw_1_vary,sw_2,sw_2_err,sw_2_vary,sw_3,sw_3_err,sw_3_vary,sw_4,sw_4_err,sw_4_vary,sw_5,sw_5_err,sw_5_vary,sw_6,sw_6_err,sw_6_vary,sw_7,sw_7_err,sw_7_vary,sw_8,sw_8_err,sw_8_vary,sw_9,sw_9_err,sw_9_vary,sw_10,sw_10_err,sw_10_vary,sw_11,sw_11_err,sw_11_vary,gamma0_air,gamma0_air_err,gamma0_air_vary,n_gamma0_air,delta0_air,delta0_air_err,delta0_air_vary,n_delta0_air,nuVC_air,nuVC_air_err,nuVC_air_vary,n_nuVC_air,SD_gamma_air,SD_gamma_air_err,SD_gamma_air_vary,n_gamma2_air,SD_delta_air,SD_delta_air_err,SD_delta_air_vary,n_delta2_air,eta_air,eta_air_err,eta_air_vary,y_air_296,y_air_296_err,y_air_296_vary
0,R16e,2,1,106.1297,6359.9672480800255,2.2217131227762835e-06,True,1.7599999999999998,0,False,1.0000000000000001e-23,1.7600805395343766,0.0004775923860686274,True,1.760506394991273,0.00038544799552908107,True,1.7599800893090989,0.0003522249912502676,True,1.7601024968968502,0.0003424521084488014,True,1.7600121619611169,0.0003023759609936051,True,1.760444283133605,0.0002851992438039712,True,1.7601820020034982,0.0002607009050122576,True,1.7599767556427894,0.0002604558823068369,True,1.7595826392940892,0.003399421068774712,True,1.7602906260381905,0.0017888977893504919,True,1.7602163323259126,0.0008302381666125433,True,0.0744152362206515,2.149599716306155e-05,True,0.67,-0.005418771728909765,1.279601112548364e-05,True,0,0.0016612557168411506,0.00024077791856644254,True,1,0.09578504704267071,0.0010340169698888067,True,0.67,0.053945208006957394,0.0067745413619166115,True,0,0,0,False,0,0,False
